CRS,Tiploc,Description,Stannox
CRS,Tiploc,Description,Stannox
ABA,ABDARE,ABERDARE,78100
AUR,ABDO,ABERDOUR,3295
AVY,ABDVY,ABERDOVEY,64409
ABE,ABER,ABER,78371
AGL,ABGLELE,ABERGELE & PENSARN,40073
ACY,ABRCYNS,ABERCYNON,78204
XAC,ABRDCH,ABERDEEN CLAYHILLS CAR.M.D,2075
ABD,ABRDEEN,ABERDEEN,2071
ABH,ABRE,ABERERCH,64506
AGV,ABRGVNY,ABERGAVENNY,76251
AYW,ABRYSTH,ABERYSTWYTH,64607
XAY,ABTSWDJ,ABBOTSWOOD JN,67371
ABW,ABWD,ABBEY WOOD,88601
ABX,ABWDXR,ABBEY WOOD (CROSSRAIL),88607
ACB,ACBG,ACTON BRIDGE,37001
AAT,ACHANLT,ACHANALT,1081
ACH,ACHHSHL,ACHNASHELLACH,1078
AUK,ACHILCK,AUCHINLECK,8825
ACN,ACHNSHN,ACHNASHEEN,1079
ACK,ACKLNGT,ACKLINGTON,12115
ACL,ACLE,ACLE,48056
ACG,ACOCKSG,ACOCKS GREEN,66430
ACR,ACRNGTN,ACCRINGTON,29061
ACC,ACTNCTL,ACTON CENTRAL,72252
AML,ACTONML,ACTON MAIN LINE,73240
XAX,ACTONTC,ACTON T.C.,73250
ADD,ADERLYP,ADDERLEY PARK,65614
ADW,ADIEWEL,ADDIEWELL,4090
ADM,ADISHAM,ADISHAM,89514
ADC,ADLC,ADLINGTON (CHESHIRE),32575
ASN,ADLESTN,ADDLESTONE,86011
ADL,ADNL,ADLINGTON (LANCASHIRE),30321
AWK,ADWICK,ADWICK,23118
AUG,AGHTNPH,AUGHTON PARK,36005
AIG,AIGBURT,AIGBURTH,36086
ANS,AINSDAL,AINSDALE,36062
AIN,AINTREE,AINTREE,36027
AIR,AIRBLES,AIRBLES,7476
ADR,AIRDRIE,AIRDRIE,7327
APN,AIRP,AIRPORT (NEWCASTLE),12401
AYP,ALBNYPK,ALBANY PARK,88462
ALB,ALBRGHT,ALBRIGHTON,65033
XAK,ALDBUCS,ALDERSBROOK UP C.H.S.,50430
ALD,ALDEDGE,ALDERLEY EDGE,32581
ZAE,ALDGEST,ALDGATE EAST LT,87123
AMT,ALDMSTN,ALDERMASTON,74714
AHT,ALDRSHT,ALDERSHOT,87031
AGT,ALDTON,ALDRINGTON,87985
ALE,ALERTN,LIVERPOOL SOUTH PW HL,36192
XAL,ALERTNS,ALLERTON DEPOT,36191
AAP,ALEXNDP,ALEXANDRA PALACE,54103
ALF,ALFRETN,ALFRETON,56127
ALW,ALLENSW,ALLENS WEST,15702
ALO,ALLOA,ALLOA,3375
ASS,ALNESS,ALNESS,1058
ALM,ALNMOTH,ALNMOUTH FOR ALNWICK,12112
ALR,ALRESFD,ALRESFORD (ESSEX),50027
ARF,ALRSFRD,ALRESFORD,87018
ASG,ALSAGER,ALSAGER,42412
AYH,ALSHAM,AYLESHAM,89515
XCX,ALSTONS,ALSTONE C. SIDINGS,68077
ALN,ALTHORN,ALTHORNE,50305
ABC,ALTNBRC,ALTNABREAC,1010
AON,ALTON,ALTON,87021
ALP,ALTPE,ALTHORPE,22075
ALT,ALTRNHM,ALTRINCHAM,37225
ALV,ALVCHRC,ALVECHURCH,66527
ALX,ALXANDR,ALEXANDRIA,6123
AXP,ALXPD,ALEXANDRA PARADE,6525
XAJ,AMBERGJ,AMBERGATE JN,57110
AMB,AMBERGT,AMBERGATE,57013
AMR,AMERSHM,AMERSHAM,70361
AMW,AMLWCH,AMLWCH,40021
AMY,AMLY,AMBERLEY,87957
AMF,AMMANFD,AMMANFORD,79064
XIM,AMNGTNJ,AMINGTON JUNCTION,69003
AMS,AMSTDAM,AMSTERDAM C.S.,950
ANC,ANCASTR,ANCASTER,44101
ADV,ANDOVER,ANDOVER,86074
AND,ANDRSTN,ANDERSTON,7253
ANZ,ANERLEY,ANERLEY,87644
ANG,ANGMRNG,ANGMERING,87998
ANN,ANNAN,ANNAN,9033
AFV,ANSDELL,ANSDELL & FAIRHAVEN,30037
ANL,ANSL,ANNIESLAND,6222
APP,APBY,APPLEBY,9426
APD,APDR,APPLEDORE (KENT),89432
APY,APERLYB,APPERLEY BRIDGE,17050
APB,APLYBDG,APPLEY BRIDGE,35050
APF,APPLEFD,APPLEFORD,74340
APS,APSLEY,APSLEY,71023
ARB,ARBROTH,ARBROATH,3023
ART,ARCHRAT,ARROCHAR & TARBET,6101
ARD,ARDGAY,ARDGAY,1041
AUI,ARDLUI,ARDLUI,6059
XAT,ARDRSDS,ARDROSSAN E.M.U. SDG,8200
ADS,ARDRSHB,ARDROSSAN HARBOUR,8208
ASB,ARDRSSB,ARDROSSAN SOUTH BEACH,8198
ADN,ARDRSTN,ARDROSSAN TOWN,8204
ADK,ARDWICK,ARDWICK,32045
XRK,ARDWTMD,ARDWICK T.M.D,32043
AGS,ARGYLST,ARGYLE STREET,7259
ARG,ARISAIG,ARISAIG,6004
ARL,ARLSEY,ARLESEY,53201
ARM,ARMDALE,ARMADALE,7324
AWT,ARMTHWT,ARMATHWAITE,9415
ARN,ARNSIDE,ARNSIDE,11403
ARR,ARRAM,ARRAM,19019
ARU,ARUNDEL,ARUNDEL,87958
XXA,ARUNDLJ,ARUNDEL JN,87959
ACT,ASCOT,ASCOT,87103
AUW,ASCTUWD,ASCOTT-UNDER-WYCHWOOD,74463
AFS,ASFDMSX,ASHFORD (MIDDLESEX),87117
ASF,ASFIELD,ASHFIELD,6245
ABY,ASHBRYS,ASHBURYS,32050
ASC,ASHCHRC,ASHCHURCH FOR TEWKESBURY,68071
AHD,ASHD,ASHTEAD,87683
XIE,ASHFCEJ,ASHFORD EAST JN (CTRL),89572
XIW,ASHFCWJ,ASHFORD WEST JN (CTRL),89566
ASI,ASHFKI,ASHFORD INTERNATIONAL,89428
AFK,ASHFKY,ASHFORD INTERNATIONAL,89428
ASH,ASHH,ASH,87014
ASY,ASHLEY,ASHLEY,37223
AHN,ASHONUL,ASHTON-UNDER-LYNE,32115
AHS,ASHURST,ASHURST,87763
AHV,ASHVALE,ASH VALE,87041
AWM,ASHWELC,ASHWELL & MORDEN,53011
ASK,ASKAM,ASKAM,11225
ALK,ASLCKTN,ASLOCKTON,44517
APG,ASPLEYG,ASPLEY GUISE,62051
ASP,ASPTRIA,ASPATRIA,10021
AST,ASTON,ASTON,65651
ATT,ATADALE,ATTADALE,1076
ATN,ATHERTN,ATHERTON,35139
ATH,ATHRSTN,ATHERSTONE,69009
ATB,ATNBRO,ATTENBOROUGH,55202
ATL,ATTLBON,ATTLEBOROUGH,48501
ATE,ATTRCLI,ATTERCLIFFE,25808
AUD,AUDLEYE,AUDLEY END,47321
AVM,AVIEMRE,AVIEMORE,1144
AVI,AVIGCMT,AVIGNON C M T,783
AVF,AVNCLFF,AVONCLIFF,82073
AVN,AVONMTH,AVONMOUTH,81240
AXM,AXMNSTR,AXMINSTER,83466
AYL,AYLESFD,AYLESFORD,89309
AYS,AYLSBRY,AYLESBURY,70353
AVP,AYLSPWY,AYLESBURY VALE PARKWAY,70355
XAN,AYNHOJ,AYNHO JN,69440
AYR,AYRR,AYR,8618
XAR,AYRRCSD,AYR C.S.D.,8621
BAC,BACHE,BACHE,38306
BNA,BAGE,BURNAGE,32522
BAG,BAGSHOT,BAGSHOT,87102
BLD,BAILDON,BAILDON,17038
BAB,BALCOMB,BALCOMBE,87963
BDK,BALDOCK,BALDOCK,53015
BAL,BALHAM,BALHAM,87222
BIO,BALISTN,BAILLIESTON,7296
BHC,BALLOCH,BALLOCH,6121
BSI,BALMOSS,BALMOSSIE,3040
BAM,BAMFORD,BAMFORD,34011
BNV,BANAVIE,BANAVIE,6013
BNG,BANGOR,BANGOR (GWYNEDD),40036
BAD,BANSTED,BANSTEAD,87677
BSS,BARASIE,BARASSIE,8411
BAR,BARELA,BARE LANE,11711
BGD,BARGOED,BARGOED,78351
ZKB,BARKGLT,BARKING L.T.,51532
BKG,BARKING,BARKING,51531
BRT,BARLSTN,BARLASTON,43306
BMG,BARMING,BARMING,89402
BNS,BARNES,BARNES,87149
BIF,BAROW,BARROW-IN-FURNESS,11231
XBF,BAROWCS,BARROW C.S.,11233
BWS,BAROWOS,BARROW UPON SOAR,59009
BRY,BARRY,BARRY,78810
BYD,BARRYDK,BARRY DOCKS,78805
BYI,BARRYIS,BARRY ISLAND,78817
BAV,BARWHVN,BARROW HAVEN,21004
BSO,BASILDN,BASILDON,51019
BBL,BATABAL,BAT & BALL,89349
BTH,BATHSPA,BATH SPA,81501
BTL,BATLEY,BATLEY,18437
BAK,BATRSPK,BATTERSEA PARK,87203
BAT,BATTLE,BATTLE,89398
BAY,BAYFORD,BAYFORD,53243
BCG,BCHGRV,BIRCHGROVE,78387
XUK,BCKJN,BUCKLAND JN,89521
BEC,BCKNHMH,BECKENHAM HILL,88472
BKJ,BCKNHMJ,BECKENHAM JUNCTION,88315
BAW,BCKWATR,BLACKWATER,87009
BCK,BCKY,BUCKLEY,41019
BCH,BCNGNOS,BIRCHINGTON-ON-SEA,89479
BCF,BCNSFLD,BEACONSFIELD,73502
BCS,BCSTN,BICESTER NORTH,69502
BIT,BCSTRTN,BICESTER VILLAGE,74557
XJV,BCSTSJ,BICESTER SOUTH JUNCTION,74561
BWO,BCWD,BRICKET WOOD,71036
BDH,BDHMPTN,BEDHAMPTON,86339
BMT,BDMNSTR,BEDMINSTER,81813
BID,BDSTON,BIDSTON,38012
BER,BEARLEY,BEARLEY,66454
BSL,BEASDAL,BEASDALE,6005
BEL,BEAULY,BEAULY,1089
BEB,BEBNGTN,BEBINGTON,38208
BCC,BECCLES,BECCLES,49103
BDM,BEDFDM,BEDFORD,62011
BEH,BEDWRTH,BEDWORTH,69106
BDW,BEDYN,BEDWYN,74816
BKS,BEKSBRN,BEKESBOURNE,89513
BLM,BELM,BELMONT,87675
BGM,BELNGHM,BELLINGHAM,88471
BLP,BELPER,BELPER,57111
BVD,BELVEDR,BELVEDERE,88602
BEM,BEMPTON,BEMPTON,19006
BEF,BENFLET,BENFLEET,51014
XJB,BENHARJ,BENHAR JN,7435
BNO,BENTMET,BENTON (METRO),12419
BAS,BEREALS,BERE ALSTON,84207
BFE,BEREFRS,BERE FERRERS,84205
BKM,BERKHMD,BERKHAMSTED,70421
BEP,BERMPRK,BERMUDA PARK,69103
BBW,BERRYB,BERRY BROW,18488
BRK,BERWICK,BERWICK,88246
BES,BESCRLA,BESCAR LANE,35018
BSJ,BESJOHN,BEDFORD ST JOHNS,62035
BEE,BESTON,BEESTON,55212
BYC,BETSYCD,BETWS-Y-COED,40061
BBR,BETTMBG,BETTEMBOURG,889
BEV,BEVERLY,BEVERLEY,19023
BEX,BEXHILL,BEXHILL,88275
BXY,BEXLEY,BEXLEY,88463
BAJ,BGLAN,BAGLAN,79607
BEA,BGOALAN,BRIDGE OF ALLAN,3165
BTG,BGRN,BARNT GREEN,66525
BHI,BHAMINT,BIRMINGHAM INTERNATIONAL,69215
JEQ,BHAMJEW,JEWELLERY QUARTER,65210
BMO,BHAMMRS,BIRMINGHAM MOOR STREET,66411
BHM,BHAMNWS,BIRMINGHAM NEW STREET,65630
BSW,BHAMSNH,BIRMINGHAM SNOW HILL,66409
BHK,BHILLPK,BUSH HILL PARK,51947
BKL,BICKLEY,BICKLEY,88478
XLY,BICKLYJ,BICKLEY JN,88479
BIW,BIGLSWD,BIGGLESWADE,45611
BBK,BILBROK,BILBROOK,65035
BIC,BILERCY,BILLERICAY,50327
BIG,BILSHST,BILLINGSHURST,87951
BIN,BINGHAM,BINGHAM,55625
BWD,BIRCHWD,BIRCHWOOD,36716
BIK,BIRKBCK,BIRKBECK,88312
BPT,BISHPTN,BISHOPTON,7132
BTS,BISLND,BURNTISLAND,3291
BTE,BITERNE,BITTERNE,86216
BDL,BKDLE,BIRKDALE,36060
BHS,BKHLS,BROCKHOLES,18492
BUK,BKNELL,BUCKNELL,79097
BCU,BKNHRST,BROCKENHURST,86901
BKW,BKSWELL,BERKSWELL,69211
BFF,BLAENAU,BLAENAU FFESTINIOG,40066
BAI,BLAIRHL,BLAIRHILL,6714
BKD,BLAKEDN,BLAKEDOWN,65938
BLT,BLANTYR,BLANTYRE,7486
BLA,BLARATH,BLAIR ATHOLL,3101
BLO,BLAYDON,BLAYDON,13403
BHO,BLCHSRD,BLACKHORSE ROAD,51555
XNS,BLCKNCS,BLACKPOOL NORTH CAR. M.D.,30022
BPB,BLCKPB,BLACKPOOL PLEASURE BEACH,30034
BPN,BLCKPLN,BLACKPOOL NORTH,30021
BPS,BLCKS,BLACKPOOL SOUTH,30033
BSB,BLEASBY,BLEASBY,55505
BFR,BLFR,LONDON BLACKFRIARS,87245
BLG,BLGRVE,BELLGROVE,6701
BEU,BLIEURD,BEAULIEU ROAD,86896
BBN,BLKB,BLACKBURN,29150
BKH,BLKHTH,BLACKHEATH,88416
BKR,BLKRDGE,BLACKRIDGE,7328
BKT,BLKST,BLAKE STREET,65343
BLV,BLLVUE,BELLE VUE,32061
BLN,BLNDLAC,BLUNDELLSANDS & CROSBY,36068
BIL,BLNGHM,BILLINGHAM,15039
BWN,BLOXN,BLOXWICH NORTH,65517
BLX,BLOXWCH,BLOXWICH,65519
BLK,BLRD,BLACKROD,30221
BLH,BLSHL,BELLSHILL,7429
XBL,BLTCCS,BLETCHLEY C.S.,70309
BLY,BLTCHLY,BLETCHLEY,70306
XBQ,BLTCTMD,BLETCHLEY T.M.D.,70302
XYB,BLTCYD,BLETCHLEY YARD,70300
BTD,BLTNODR,BOLTON-UPON-DEARNE,24011
BEG,BLTRNAB,BELTRING,89329
BYB,BLYBDGE,BLYTHE BRIDGE,43503
BMB,BMBRBDG,BAMBER BRIDGE,30133
BML,BMHL,BRAMHALL,32579
BMY,BMLY,BRAMLEY (HANTS),86061
BAN,BNBR,BANBURY,69424
BND,BNDON,BRANDON,46264
XGD,BNDSGRN,BOUNDS GREEN T&R.S.M.D,54101
BIY,BNGY,BINGLEY,17016
BNM,BNHAM,BURNHAM,73996
BNL,BNHL,BARNHILL,6523
BAH,BNKHALL,BANK HALL,36075
BEY,BNRHYDN,BEN RHYDDING,17054
BNI,BNSBDGE,BARNES BRIDGE,87150
BUD,BNSD,BURNESIDE,11005
BNY,BNSLY,BARNSLEY,24385
BTB,BNTBY,BARNETBY,21415
BTY,BNTEY,BENTLEY,87024
BFD,BNTFORD,BRENTFORD,87144
BEN,BNTHAM,BENTHAM,11563
BRW,BNWK,BRUNSWICK,36082
BGR,BOATOFG,BOAT OF GARTEN,1143
BUM,BOCHUM,BOCHUM HBF,23
BOD,BODMNPW,BODMIN PARKWAY,85011
BOR,BODORGN,BODORGAN,40017
XBN,BOGNCHS,BOGNOR REGIS C.H.S.,86441
BOG,BOGNORR,BOGNOR REGIS,86441
BGS,BOGSTON,BOGSTON,7028
BON,BOLTON,BOLTON,31620
BMH,BOMO,BOURNEMOUTH,86921
XBM,BOMOCSD,BOURNEMOUTH T&R.S.M.D,86923
BHA,BOMOHAP,BOURNEMOUTH HURN AIRPORT,86928
BDS,BONDST,BOND STREET,73112
XOE,BONENDJ,BOURNE END JN (HERTS),71009
BNJ,BONNHBF,BONN HBF,31
BKA,BOOKHAM,BOOKHAM,87072
BRO,BOORCHY,BRIDGE OF ORCHY,6037
BOC,BOOTLE,BOOTLE,11209
BNW,BOOTLNS,BOOTLE NEW STRAND,36071
BOT,BOOTLOR,BOOTLE ORIEL ROAD,36072
XOP,BOPEEPJ,BOPEEP JN S.B.,88284
BOX,BORDSTJ,BORDEAUX ST. JEAN,792
XIB,BORGSTM,BOURG ST MAURICE,768
BNE,BORNEND,BOURNE END,74014
BRH,BORTH,BORTH,64604
BRG,BORWGAW,BOROUGH GREEN & WROTHAM,89401
BOH,BOSHAM,BOSHAM,86373
BSN,BOSTON,BOSTON,44212
BTF,BOTESFD,BOTTESFORD,44511
BOE,BOTLEY,BOTLEY,86202
BRV,BOURNVL,BOURNVILLE,66503
BWB,BOWBRKH,BOW BRICKHILL,62055
BOP,BOWESPK,BOWES PARK,53309
XOW,BOWJ,BOW JUNCTION,52701
BWG,BOWLING,BOWLING,6203
BOW,BOWSTRT,BOW STREET,64603
BXW,BOXHAWH,BOX HILL & WESTHUMBLE,87686
BCE,BRACKNL,BRACKNELL,87101
BDQ,BRADFS,BRADFORD FORSTER SQUARE,17019
BDI,BRADIN,BRADFORD INTERCHANGE,18641
BTP,BRAINFP,BRAINTREE FREEPORT,50205
BTR,BRAINTR,BRAINTREE,50204
BRP,BRAMPTN,BRAMPTON (SUFFOLK),49105
BSM,BRANKSM,BRANKSOME,86927
ZBB,BRBCNLT,BARBICAN,63635
BDB,BRBM,BROADBOTTOM,32232
BSY,BRBY,BRONDESBURY,72415
BSP,BRBYPK,BRONDESBURY PARK,72414
XLJ,BRCKLAJ,BRICKLAYERS ARMS JN,87602
BOA,BRDFDOA,BRADFORD-ON-AVON,82075
BWT,BRDGWTR,BRIDGWATER,81924
BDN,BRDING,BRADING,86295
BDT,BRDLNGT,BRIDLINGTON,19007
BLL,BRDNML,BARDON MILL,13311
BBS,BRDS,BORDESLEY,66412
XIR,BRDSLYJ,BORDESLEY JN,66324
BDY,BREDBRY,BREDBURY,32065
BRC,BREICH,BREICH,4088
BYF,BRFRY,BROUGHTY FERRY,3041
BMF,BRFT,BROOMFLEET,19213
BGI,BRGDDIE,BARGEDDIE,7297
BGN,BRGEND,BRIDGEND,79791
BGG,BRGG,BRIGG,26001
XDV,BRGHLHS,BRIGHTON L.H.S,87983
LRB,BRGHLRD,LONDON ROAD (BRIGHTON),88141
XMP,BRGHMHS,BRIGHTON MONTPELIER C.H.S.,87981
BTN,BRGHTN,BRIGHTON,87980
XBP,BRGHTTY,BRIGHTON DOWN SIDING,87981
CAE,BRGLCAR,CARBROOK,25805
VAE,BRGLVAL,VALLEY CENTERTAINMENT,25806
BRR,BRHD,BARRHEAD,7224
BAA,BRHM,BARNHAM,86451
BGH,BRHOUSE,BRIGHOUSE,18455
BDG,BRIDGTN,BRIDGETON,7269
BRF,BRIERFL,BRIERFIELD,29036
BMD,BRIMSDN,BRIMSDOWN,51914
BNF,BRITFRY,BRITON FERRY,79600
BHD,BRITHDR,BRITHDIR,78349
BRX,BRIXTON,BRIXTON,87248
BPK,BRKMNPK,BROOKMANS PARK,53995
CNP,BRKNCPK,CONWAY PARK,38157
BKC,BRKNHDC,BIRKENHEAD CENTRAL,38200
BKN,BRKNHDN,BIRKENHEAD NORTH,38151
BKP,BRKNHDP,BIRKENHEAD PARK,38153
XDB,BRKNMUD,BIRKENHEAD NORTH E.M.U.D,38155
BKO,BRKWOOD,BROOKWOOD,86041
BRS,BRLANDS,BERRYLANDS,87170
BUY,BRLEYPK,BURLEY PARK,17101
BOM,BRMB,BROMBOROUGH,38218
BMR,BRMBRK,BROMBOROUGH RAKE,38216
BMC,BRMCRSS,BROMLEY CROSS,29177
BLE,BRMLYSR,BRAMLEY,18654
BRM,BRMOUTH,BARMOUTH,64414
BMP,BRMPTNC,BRAMPTON (CUMBRIA),13302
BMV,BRMSGRV,BROMSGROVE,67003
BCN,BRNCHTN,BRANCHTON,7005
BNT,BRNGTN,BRINNINGTON,32064
BNH,BRNHRST,BARNEHURST,88422
BUU,BRNMONC,BURNHAM-ON-CROUCH,50304
ZBQ,BRNSTLT,BARONS COURT LT,72260
BNP,BRNSTPL,BARNSTAPLE,83222
BYA,BRNYARM,BERNEY ARMS,48066
BGE,BROADGR,BROAD GREEN,36602
BCY,BROCKLY,BROCKLEY,87629
ZBW,BROMBLT,BROMLEY-BY-BOW LT,52252
BMN,BROMLYN,BROMLEY NORTH,88482
BMS,BROMLYS,BROMLEY SOUTH,88477
BME,BROOME,BROOME,79099
BRA,BRORA,BRORA,1021
BUH,BROUGH,BROUGH,19211
XBA,BROWNHJ,BROWNHILL JN,8007
BXB,BROXBRN,BROXBOURNE,51722
BRL,BRRHL,BARRHILL,8645
BYL,BRRYLNK,BARRY LINKS,3038
BCB,BRSCGHB,BURSCOUGH BRIDGE,35022
BCJ,BRSCGHJ,BURSCOUGH JUNCTION,30157
BUI,BRSDE,BURNSIDE,7553
BSR,BRSR,BROADSTAIRS,89474
XHL,BRSTLCW,BRISTOL BARTON HILL W.R.D.,81432
BRI,BRSTLTM,BRISTOL TEMPLE MEADS,81700
XAB,BRSTMD,BRISTOL HSS,81800
BPW,BRSTPWY,BRISTOL PARKWAY,81109
BAU,BRTHMBR,BARTON-ON-HUMBER,21001
BUJ,BRTJYC,BURTON JOYCE,55499
BRE,BRTWOOD,BRENTWOOD,50331
BCV,BRUCGRV,BRUCE GROVE,51952
BDA,BRUNDAL,BRUNDALL,48215
BGA,BRUNDLG,BRUNDALL GARDENS,48216
BSU,BRUSTAN,BRUNSTANE,4635
BRU,BRUTON,BRUTON,82299
BXS,BRUXMID,BRUXELLES MIDI,850
BWK,BRWCKUT,BERWICK-UPON-TWEED,12001
BNR,BRWHINS,BROCKLEY WHINS,14003
BYN,BRYN,BRYN,35394
BYS,BRYSTNS,BRAYSTONES,10195
BIA,BSAUKLD,BISHOP AUCKLAND,15826
XBJ,BSBYJN,BUSHBURY JN,65006
BSC,BSCTSTA,BESCOT STADIUM,65707
XBY,BSCTYD,BESCOT DOWN SIDE,65700
BRN,BSDN,BEARSDEN,6305
BBG,BSHB,BISHOPBRIGGS,6443
BIS,BSHPSFD,BISHOPS STORTFORD,47412
XDF,BSNGDES,BASINGSTOKE DN E END SDG,86058
XBS,BSNGSBM,BASINGSTOKE BARTN ML C.S.D,86065
XBT,BSNGSDR,BASINGSTOKE DOWN YARD,86063
BSK,BSNGSTK,BASINGSTOKE,86066
XBZ,BSNGSUR,BASINGSTOKE WEST YARD,86064
BIB,BSPSLYD,BISHOPS LYDEARD WS RWY,83014
BIP,BSSN,BISHOPSTONE,88238
BSD,BSTD,BEARSTED,89404
BSE,BSTEDMS,BURY ST EDMUNDS,46301
BTO,BTCHWTH,BETCHWORTH,87085
BHG,BTHGATE,BATHGATE,4010
BET,BTHNLGR,BETHNAL GREEN,52739
BUL,BTLRSLA,BUTLERS LANE,65345
BLB,BTLSBDG,BATTLESBRIDGE,50309
BYK,BTLYSY,BENTLEY (S.YORKS),23115
XUN,BTNUNMD,BARTON UNDER NEEDWOOD RSMD,57725
BTT,BTRSBY,BATTERSBY,15511
BFL,BUCFAST,BUCKFASTLEIGH,83709
BUC,BUCKNHM,BUCKENHAM,48213
BGL,BUGLE,BUGLE,85231
BHR,BUILTHR,BUILTH ROAD,79080
BLW,BULWELL,BULWELL,55116
BUE,BURES,BURES,50109
BUG,BURGESH,BURGESS HILL,87971
BUW,BURLYIW,BURLEY-IN-WHARFEDALE,17045
BUB,BURNLYB,BURNLEY BARRACKS,29043
BNC,BURNLYC,BURNLEY CENTRAL,29041
BYM,BURNMR,BURNLEY MANCHESTER ROAD,29005
BUO,BURSLDN,BURSLEDON,86223
BUT,BURTNOT,BURTON-ON-TRENT,57712
BUS,BUSBY,BUSBY,7613
BSH,BUSHEY,BUSHEY,72003
BUX,BUXTON,BUXTON,34201
BXH,BXLYHTH,BEXLEYHEATH,88421
BXD,BXTD,BUXTED,87768
BFN,BYFLANH,BYFLEET & NEW HAW,86022
BYE,BYNEA,BYNEA,79054
XSG,BYSTJN,BURY STREET JN,51948
CAD,CADOXTN,CADOXTON,78719
CGW,CAERGWL,CAERGWRLE,41027
FRH,CALAFGV,CALAIS FRETHUN GARE VGRS,711
CSK,CALSTCK,CALSTOCK,84209
CBG,CAMBDGE,CAMBRIDGE,47221
CMB,CAMBNTH,CAMBRIDGE NORTH,47214
XCA,CAMBTMD,CAMBRIDGE T.&R.S.M.D.,47215
CMO,CAMELON,CAMELON,5037
CBH,CAMHTH,CAMBRIDGE HEATH,52738
CNL,CANLEY,CANLEY,69207
CST,CANONST,LONDON CANNON STREET,88403
XCC,CANTNCS,CARDIFF CANTON SIDINGS,78514
XPC,CANTONS,CANTON SIDINGS,78520
CWX,CANWHRF,CANARY WHARF,52208
CBB,CARBISB,CARBIS BAY,85713
CDB,CARDFBR,CARDIFF BAY,78456
CDQ,CARDFQS,CARDIFF QUEEN STREET,78451
CRF,CARFIN,CARFIN,7432
CAK,CARK,CARK,11331
CAR,CARLILE,CARLISLE,9161
XKY,CARLILY,CARLISLE N.Y.,9150
XUM,CARLTMD,UPPERBY T.M.D.,9195
CML,CARMYLE,CARMYLE,7294
CAG,CARRBDG,CARRBRIDGE,1138
CWS,CARSWS,CAERSWS,64312
CFD,CASTLFD,CASTLEFORD,16912
CAT,CATERHM,CATERHAM,87706
CFB,CATFBDG,CATFORD BRIDGE,88311
CTF,CATFORD,CATFORD,88469
CYS,CATHAYS,CATHAYS,78420
CTL,CATTAL,CATTAL,16116
CAU,CAUSLND,CAUSELAND,84417
CBP,CBARPAR,CASTLE BAR PARK,73272
CWB,CBAY,COLWYN BAY,40071
COH,CBGH,CROWBOROUGH,87766
CSD,CBHMSDA,COBHAM & STOKE D'ABERNON,87074
CBN,CBORNE,CAMBORNE,85622
CBK,CBRK,CRANBROOK,83454
CLC,CCARY,CASTLE CARY,82301
CCT,CCRT,CATHCART,7238
CDT,CDCOT,CALDICOT,76078
CDD,CDND,CARDENDEN,3248
CDO,CDNL,CARDONALD,7154
XDD,CDON,CASTLE DONINGTON,56625
CDR,CDRS,CARDROSS,6113
CYB,CEFNYBD,CEFN-Y-BEDD,41029
CER,CERBERE,CERBERE,798
CFF,CFFT,CROFTFOOT,7555
CFL,CFLATTS,CROSSFLATTS,17014
CFT,CFPK,CROFTON PARK,88467
CFH,CHADHDD,CHAFFORD HUNDRED,51313
CMC,CHAMCLE,CHAMBERY-CHALLES-LES-EAUX,785
CPN,CHAPLTN,CHAPELTON,83225
CRT,CHARTHM,CHARTHAM,89445
CSR,CHASNRD,CHASSEN ROAD,33098
CTM,CHATHAM,CHATHAM,89007
XXD,CHATMDY,CHATHAM DOCKYARD,89015
CBY,CHBURY,CHARLBURY,74454
CCH,CHCHSTR,CHICHESTER,86424
CHU,CHDH,CHEADLE HULME,32563
CED,CHDNGTN,CHEDDINGTON,70319
CTH,CHDWLHT,CHADWELL HEATH,50405
CHE,CHEAM,CHEAM,87678
CEF,CHEF,CHAPEL-EN-LE-FRITH,32547
CEL,CHELFD,CHELFORD,32583
CPW,CHEPSTW,CHEPSTOW,76079
CHN,CHESHNT,CHESHUNT,51815
CNO,CHETNOL,CHETNOLE,82315
CHD,CHFD,CHESTERFIELD,27263
CHF,CHFN,CHURCH FENTON,16495
CHT,CHHL,CHATHILL,12109
CHI,CHINGFD,CHINGFORD,52731
CPM,CHIPNHM,CHIPPENHAM,75352
CRK,CHIRK,CHIRK,41407
CHK,CHISWCK,CHISWICK,87148
CFO,CHLFNAL,CHALFONT & LATIMER,70366
CHW,CHLKWEL,CHALKWELL,51011
CHM,CHLMSFD,CHELMSFORD,50223
CLD,CHLSFLD,CHELSFIELD,88495
CNM,CHLTNHM,CHELTENHAM SPA,68076
CHL,CHLWTH,CHILWORTH,87082
CLY,CHNLY,CHINLEY,34001
CHO,CHOLSEY,CHOLSEY,74301
BSV,CHORBUK,BUCKSHAW PARKWAY,30201
CRL,CHORLEY,CHORLEY,30213
CTW,CHOS,CHURCH & OSWALDTWISTLE,29063
CLN,CHPLTWN,CHAPELTOWN,25307
CWC,CHPWKSC,CHAPPEL & WAKES COLNE,50107
CHR,CHRISTC,CHRISTCHURCH,86915
CHC,CHRNGXG,CHARING CROSS,6365
CHH,CHRSTSH,CHRISTS HOSPITAL,87948
XEV,CHRTLCN,CHART LEACON T&R.S.M.D,89417
CLW,CHRW,CHORLEYWOOD,70368
CHX,CHRX,LONDON CHARING CROSS,88401
CYH,CHRYHNT,CHERRY HINTON,47007
CHP,CHSD,CHIPSTEAD,87710
CIT,CHSLHRS,CHISLEHURST,88483
CRD,CHSRD,CHESTER ROAD,65605
CSN,CHSSN,CHESSINGTON NORTH,87405
CSS,CHSSS,CHESSINGTON SOUTH,87411
CTR,CHST,CHESTER,40320
XCH,CHSTRDD,CHESTER D.M.U.D.,40304
XCZ,CHSTYD,CHESTER YARD,40320
CSW,CHSW,CHESTFIELD & SWALECLIFFE,89486
CTE,CHTLRT,CHATELHERAULT,7490
CYT,CHTR,CHERRY TREE,29162
CHY,CHTSEY,CHERTSEY,86012
CHS,CHUSTON,CHURSTON T&D RLY,83638
CIM,CILMERY,CILMERI,79085
CIC,CIVI,PARK LANE (SUNDERLAND),14034
CKH,CKHL,CORKERHILL,7124
XCK,CKHLCSD,CORKERHILL C.S.M.D.,7125
XLC,CLACTCS,CLACTON C.S.D.,50022
CLT,CLACTON,CLACTON-ON-SEA,50021
CLA,CLANDON,CLANDON,87069
CPT,CLAPTON,CLAPTON,52735
CLR,CLARBRD,CLARBESTON ROAD,80199
CLV,CLAVRDN,CLAVERDON,66455
XLG,CLCHCSD,COLCHESTER C.S.D.,50048
HYH,CLCHHYT,HYTHE,50030
CET,CLCHRTN,COLCHESTER TOWN,50041
COL,CLCHSTR,COLCHESTER,50049
XLP,CLCHSTY,COLCHESTER T.C.,50051
CIR,CLDNNRB,CALEDONIAN RD & BARNSBURY,52058
CAC,CLDRCRX,CALDERCRUIX,7334
CEA,CLELAND,CLELAND,7430
CFN,CLFDOWN,CLIFTON DOWN,81259
XLF,CLFFBM,CLIFFE BRETT MARINE,88735
CLM,CLHM,COLLINGHAM,44077
CLH,CLITHRO,CLITHEROE,29143
CIL,CLMN,CHILHAM,89443
XCJ,CLNYBDJ,CLUNYBRIDGE JN,3257
CLK,CLOCKHS,CLOCK HOUSE,88319
CLP,CLPHHS,CLAPHAM HIGH STREET,87209
XCP,CLPHJCS,CLAPHAM JN. C.S.,87219
CLJ,CLPHMJN,CLAPHAM JUNCTION,87219
XYM,CLPHMYM,CLAPHAM YARD,87221
CPY,CLPM,CLAPHAM (NTH YORKSHIRE),11565
CKS,CLRKSTN,CLARKSTON,7615
CLS,CLST,CHESTER-LE-STREET,13571
CLE,CLTHRPS,CLEETHORPES,21141
CLI,CLTN,CLIFTON,31565
CHV,CLVMEZR,CHARLEVILLE-MEZIERES,748
CWL,CLWALL,COLWALL,67217
CYK,CLYBANK,CLYDEBANK,6345
CLG,CLYGATE,CLAYGATE,87189
CUW,CLYNDRW,CLUNDERWEN,80305
CMH,CMBH,CWMBACH,78110
CAM,CMBLEY,CAMBERLEY,87099
CUB,CMBRNLD,CUMBERNAULD,7301
CBL,CMBSLNG,CAMBUSLANG,7411
XCM,CMDNCSD,CAMDEN C.S.D.,72401
CMD,CMDNRD,CAMDEN ROAD,72421
CMR,CMER,CROMER,48007
CMN,CMTHN,CARMARTHEN,80419
XCI,CMTHNJ,CARMARTHEN JN,80411
CAO,CNCK,CANNOCK,65512
ZCW,CNDAW,CANADA WATER,87568
CNN,CNNB,CANONBURY,52048
XIC,CNNBELL,CANONBURY ELL,52049
XJC,CNNBYWJ,CANONBURY WEST JN,52054
CAN,CNST,CARNOUSTIE,3031
CBE,CNTBE,CANTERBURY EAST,89512
CBW,CNTBW,CANTERBURY WEST,89446
CNY,CNTLEY,CANTLEY,48211
CAY,CNTY,CARNTYNE,6706
CBC,COATBDC,COATBRIDGE CENTRAL,7312
CBS,COATBDS,COATBRIDGE SUNNYSIDE,7331
COA,COATDYK,COATDYKE,7329
COB,CODNBCH,COODEN BEACH,88269
CSL,CODSALL,CODSALL,65034
CGN,COGAN,COGAN,78711
CBR,COKSBDG,COOKSBRIDGE,88211
CEH,COLESHL,COLESHILL PARKWAY,66230
CNE,COLNE,COLNE,29030
CDS,COLSDNS,COULSDON SOUTH,87900
CDN,COLSTWN,COULSDON TOWN,87713
XCO,COLWICH,COLWICH,43328
CME,COMBE,COMBE,74452
COM,COMONDL,COMMONDALE,15513
CNS,CONBRGH,CONISBROUGH,24221
CNG,CONGLTN,CONGLETON,43013
CON,CONNELF,CONNEL FERRY,6046
CBD,CONONBR,CONON BRIDGE,1101
CEY,CONONLY,CONONLEY,17008
CNW,CONWY,CONWY,40045
COO,COOKHAM,COOKHAM,74013
COE,COOMBE,COOMBE JUNCTION HALT,84415
COP,COPLSTN,COPPLESTONE,83238
XMI,COPRMLJ,COPPERMILL JUNCTION,51937
COR,CORBY,CORBY,60011
CPA,CORPACH,CORPACH,6010
CRR,CORROUR,CORROUR,6031
COY,CORYTON,CORYTON,78381
CSY,COSELEY,COSELEY,65807
COS,COSFORD,COSFORD,65023
CSA,COSHAM,COSHAM,86301
COT,COTNGLY,COTTINGLEY,17143
CAA,COVAREN,COVENTRY ARENA,69199
COV,COVNTRY,COVENTRY,69202
CWN,COWDEN,COWDEN,87761
CPU,CPNHRST,CAPENHURST,38304
CRA,CRADLYH,CRADLEY HEATH,65927
CRV,CRAVENA,CRAVEN ARMS,76379
CRW,CRAWLEY,CRAWLEY,87931
XYC,CRAWNYD,CRAWLEY NEW YARD,88003
CRB,CRBG,CORBRIDGE,13318
CKL,CRCK,CORKICKLE,10124
CDF,CRDFCEN,CARDIFF CENTRAL,77301
CDI,CREDITN,CREDITON,83321
CES,CRESING,CRESSING,50206
XXM,CREWBHM,CREWE BAS HALL S.S.M.,42159
XXC,CREWBHN,CREWE BAS HALL S.S.N.,42159
CRE,CREWE,CREWE,42140
XCR,CREWECS,CREWE C.S.,42145
XCT,CREWESY,CREWE SOUTH YARD,42141
CRY,CRFD,CRAYFORD,88464
XRF,CRFTDEP,CROFTON DEPOT,18035
CGD,CRGDRN,CRAIGENDORAN,6111
XCN,CRGNTNY,CRAIGENTINNY T.&R.S.M.D,4521
CWH,CRHL,CREWS HILL,53246
CCC,CRICCTH,CRICCIETH,64503
CRI,CRKLWD,CRICKLEWOOD,63405
CKN,CRKRN,CREWKERNE,83470
CLU,CRLK,CARLUKE,7955
CTN,CRLN,CHARLTON,88515
CRM,CRMLNGT,CRAMLINGTON,12136
CNF,CRNF,CARNFORTH,11525
XOA,CRNFNJN,CARNFORTH NORTH JN,11526
XCS,CRNFUGL,CARNFORTH D&U.G.L.,11519
CHG,CRNG,CHARING,89408
XXB,CRNGX,CHARING CROSSOVER (CTRL),89564
CNR,CRNLRCH,CRIANLARICH,6058
XNF,CROESNF,CROES NEWYDD NORTH FORK,41131
CKT,CROKSTN,CROOKSTON,7118
CMF,CROMFD,CROMFORD,57009
COI,CROSSHL,CROSSHILL,7573
CSO,CROT,CROSTON,30153
CRH,CROUCHH,CROUCH HILL,51563
CWE,CROWLE,CROWLE,23003
CRO,CROY,CROY,6457
CPH,CRPHLY,CAERPHILLY,78374
CPK,CRPNDPK,CARPENDERS PARK,72004
CSB,CRSHLTB,CARSHALTON BEECHES,87665
CSH,CRSHLTN,CARSHALTON,87669
CKY,CRSKEYS,CROSS KEYS,76632
CMY,CRSMYLF,CROSSMYLOOF,7229
CSG,CRSNGTN,CRESSINGTON,36088
CRS,CRSTRS,CARSTAIRS,7962
CTO,CRTN,CARLTON,55497
CDY,CRTSDYK,CARTSDYKE,7023
CWU,CRWHRST,CROWHURST,89399
CWD,CRWLL,CRESWELL (DERBYS),28001
CRN,CRWTHRN,CROWTHORNE,87006
CYP,CRYSTLP,CRYSTAL PALACE,87625
IMW,CSEAH,IMPERIAL WHARF,72245
CFR,CSFD,CHANDLERS FORD,86108
CRG,CSGT,CROSS GATES,17112
XXG,CSMLX,CRISMILL CROSSOVER,89554
CAS,CSTL,CASTLETON,31044
CTT,CSTR,CHURCH STRETTON,64241
CTK,CTMSLNK,CITY THAMESLINK,87244
CLL,CTNG,COLLINGTON,88274
CSM,CTNM,CASTLETON MOOR,15517
CGM,CTTGHM,COTTINGHAM,19031
CUD,CUDNGTN,CUDDINGTON,37069
CUF,CUFFLEY,CUFFLEY,53245
CUM,CULHAM,CULHAM,74343
CUA,CULRAIN,CULRAIN,1037
CUP,CUPAR,CUPAR,3205
CUH,CURRIEH,CURRIEHILL,4114
CUS,CUSTMHS,CUSTOM HOUSE,52253
COW,CWDNBTH,COWDENBEATH,3256
CWM,CWMBRAN,CWMBRAN,76239
CUX,CXTN,CUXTON,89302
CYN,CYNGHRD,CYNGHORDY,79078
XXH,DAGNMJN,DAGENHAM JUNCTION,51412
DSY,DAISYH,DAISY HILL,35141
DAG,DALGETY,DALGETY BAY,3298
DMR,DALMUIR,DALMUIR,6211
DLY,DALRY,DALRY,8101
DLJ,DALS,DALSTON JUNCTION STN ELL,52074
DLK,DALSKLD,DALSTON KINGSLAND,52046
DLS,DALSTON,DALSTON,9213
DLT,DALTON,DALTON,11271
DLW,DALWHIN,DALWHINNIE,1154
DNY,DANBY,DANBY,15515
DCT,DANESCT,DANESCOURT,78505
DZY,DANZEY,DANZEY,66457
DAN,DARNALL,DARNALL,25804
DSM,DARSHAM,DARSHAM,49109
DFD,DARTFD,DARTFORD,88466
XRT,DARTFDJ,DARTFORD JN,88438
DWN,DARWEN,DARWEN,29173
DAT,DATCHET,DATCHET,87110
DVN,DAVNPRT,DAVENPORT,32538
DWL,DAWLISH,DAWLISH,83605
DWW,DAWLSHW,DAWLISH WARREN,83603
KVD,DAWSHLM,KELVINDALE,6230
DAX,DAXX,DAX,794
DEA,DEAL,DEAL,89465
DEN,DEAN,DEAN,86112
DGY,DEGANWY,DEGANWY,40047
DHN,DEIGHTN,DEIGHTON,18472
DLM,DELAMER,DELAMERE,37067
DNM,DENHAM,DENHAM,73450
DGC,DENHMGC,DENHAM GOLF CLUB,73451
DMK,DENMRKH,DENMARK HILL,87606
DNT,DENT,DENT,9443
DPD,DEPDENE,DORKING DEEPDENE,87086
DEP,DEPTFD,DEPTFORD,88431
DBR,DERBYRD,DERBY ROAD,49145
DPT,DEVNPRT,DEVONPORT,84199
DGL,DGLROAD,DINGLE ROAD,78710
ZDE,DGNHELT,DAGENHAM EAST L.T.,51359
DDK,DGNHMDC,DAGENHAM DOCK,51402
DID,DIDCOTP,DIDCOT PARKWAY,74313
DIG,DIGBY,DIGBY & SOWTON,83449
DMH,DILTONM,DILTON MARSH,82105
DNS,DINASP,DINAS POWYS,78717
DMG,DINASR,DINAS RHONDDA,78014
DIN,DINGWAL,DINGWALL,1091
DND,DINSDAL,DINSDALE,15714
DSL,DISLEY,DISLEY,32543
DIS,DISS,DISS,49002
DAL,DLMALLY,DALMALLY,6053
DAK,DLMRNOK,DALMARNOCK,7272
DAM,DLMY,DALMENY,4201
DLR,DLREOCH,DALREOCH,6134
DAR,DLTN,DARLINGTON,15866
DWD,DLWYDLN,DOLWYDDELAN,40063
DBC,DMBRTNC,DUMBARTON CENTRAL,6136
DBE,DMBRTNE,DUMBARTON EAST,6137
KWR,DMTHKWR,KINGSWEAR (FOR DARTMOUTH),83639
DBD,DNDL,DENBY DALE,18498
DFE,DNFRMLE,DUNFERMLINE TOWN,3321
DFL,DNFRMQM,DUNFERMLINE QUEEN MARGARET,3319
DHS,DNHAAG,DEN HAAG CS,927
DNL,DNLP,DUNLOP,8701
DNO,DNROBIN,DUNROBIN CASTLE,1023
DOT,DNSN,DUNSTON,13523
DTG,DNTG,DINTING,32243
DTN,DNTON,DENTON,32520
DOC,DOCKYDP,DOCKYARD,84200
DOD,DODWRTH,DODWORTH,25386
DOL,DOLAU,DOLAU,79093
DLH,DOLEHAM,DOLEHAM,88296
DLG,DOLGARG,DOLGARROG,40058
XTP,DOLMEST,DOLLANDS MOOR T.P.L.,89739
XLM,DOLMORS,DOLLANDS MOOR SDGS,89735
DON,DONC,DONCASTER,23421
XWV,DONCWY,DONCASTER WEST YARD,23418
DOR,DORE,DORE & TOTLEY,25704
DDG,DORIDGE,DORRIDGE,66433
DKG,DORKING,DORKING,87687
DMS,DORMANS,DORMANS,87757
DTM,DORTMND,DORTMUND HBF,25
DVP,DOVERP,DOVER PRIORY,89611
DVC,DOVRCRT,DOVERCOURT,49415
DVY,DOVYJN,DOVEY JUNCTION,64401
DOW,DOWNHAM,DOWNHAM MARKET,46255
DRG,DRAYGRN,DRAYTON GREEN,73271
DBY,DRBY,DERBY,57403
XEP,DRBYEPS,ETCHES PARK SDGS,57412
DCH,DRCHS,DORCHESTER SOUTH,86976
DCW,DRCHW,DORCHESTER WEST,86977
DRM,DREMJ,DREM,4821
DHM,DRHM,DURHAM,13702
DRF,DRIFILD,DRIFFIELD,19016
DRI,DRIGG,DRIGG,10205
DKT,DRKGW,DORKING WEST,87084
DMC,DRMCHPL,DRUMCHAPEL,6219
DFR,DRMFCHR,DRUMFROCHAR,7009
DRU,DRMGLCH,DRUMGELLOCH,7323
DUR,DRNGTOS,DURRINGTON-ON-SEA,87996
DRO,DRONFLD,DRONFIELD,25711
DRT,DRTN,DARTON,18402
DTW,DRTWCHS,DROITWICH SPA,67012
DMY,DRUMRY,DRUMRY,6217
DYP,DRYP,DRAYTON PARK,54291
DNG,DTNG,DUNTON GREEN,89342
DUD,DUDESTN,DUDDESTON,65642
DDP,DUDLPT,DUDLEY PORT,65811
DFI,DUFIELD,DUFFIELD,57114
DUT,DUFTOWN,DUFFTOWN,2011
DRN,DUIRNSH,DUIRINISH,1072
DST,DUKEST,DUKE STREET,6527
DUL,DULNGHM,DULLINGHAM,47006
DUM,DUMBRCK,DUMBRECK,7127
DMF,DUMFRES,DUMFRIES,9022
DMP,DUMPTNP,DUMPTON PARK,89470
DBL,DUNANE,DUNBLANE,3161
DUN,DUNBAR,DUNBAR,4827
DCG,DUNCRAG,DUNCRAIG,1074
XDE,DUNDEHS,DUNDEE H.S.,3062
DEE,DUNDETB,DUNDEE,3054
DUE,DUNDWTC,DUNDEE WEST T.C.,3060
DKD,DUNKELD,DUNKELD & BIRNAM,3106
CDU,DURSLEY,CAM & DURSLEY,68140
DUS,DUSSDRF,DUSSELDORF HBF,13
DVH,DVHL,DOVE HOLES,32548
DEW,DWBY,DEWSBURY,18438
DYC,DYCE,DYCE,2042
DYF,DYFRYNA,DYFFRYN ARDUDWY,64417
EAL,EALINGB,EALING BROADWAY,73253
ELD,EARLSWD,EARLSWOOD (SURREY),87903
EBK,EASTBRK,EASTBROOK,78713
ZEH,EASTHAM,EAST HAM LT,51604
EBL,EBOLDON,EAST BOLDON,14006
XEB,EBOUCS,EASTBOURNE C.S.,88253
EBN,EBOURNE,EASTBOURNE,88254
EBD,EBSFDOM,EBBSFLEET INTL (DOMESTIC),89530
XXI,EBSFEJN,EBBSFLEET E JN,89532
EBF,EBSFLTI,EBBSFLEET INTERNATIONAL,89530
XXJ,EBSFWJN,EBBSFLEET W JN,89529
EBV,EBWVPWY,EBBW VALE PARKWAY,76646
EBB,EBWVTN,EBBW VALE TOWN,76647
ECC,ECCLES,ECCLES,31739
ECS,ECLR,ECCLES ROAD,48511
ECL,ECPK,ECCLESTON PARK,36615
ECR,ECROYDN,EAST CROYDON,87701
EDL,EDALE,EDALE,34005
EDG,EDGH,EDGE HILL,36170
XEG,EDGHDHS,EDGE HILL DEPOT,36173
XDG,EDGHDWG,EDGE HILL DOWN WAPPING,36174
EDY,EDIDBRY,EAST DIDSBURY,32524
EDB,EDINBUR,EDINBURGH,4303
EGY,EDINGWY,EDINBURGH GATEWAY,4304
EDP,EDINPRK,EDINBURGH PARK,4039
EDR,EDMNGRN,EDMONTON GREEN,51949
EBR,EDNB,EDENBRIDGE,87736
EBT,EDNT,EDENBRIDGE TOWN,87760
EDN,EDPK,EDEN PARK,88325
EDW,EDULWCH,EAST DULWICH,87610
EFL,EFARLGH,EAST FARLEIGH,89322
XED,EFLDTMD,EASTFIELD H.S.,6430
EFF,EFNGHMJ,EFFINGHAM JUNCTION,87071
XFF,EFNGJNK,EFFINGHAM JUNCTION NECK,87073
XEJ,EFNGSHD,EFFINGHAM JN. C.H.S.,87056
EGG,EGGESFD,EGGESFORD,83232
EGH,EGHAM,EGHAM,87107
EAG,EGLSCLF,EAGLESCLIFFE,15701
EGF,EGRFRTH,EAST GARFORTH,16603
EGR,EGRNSTD,EAST GRINSTEAD,87759
EGT,EGTON,EGTON,15519
XEM,EHMEMUD,EAST HAM E.M.U.D.,51602
EKL,EKILBRD,EAST KILBRIDE,7231
ZET,ELCT,EARLS COURT L.T.,72246
ESL,ELGH,EASTLEIGH,86087
XEW,ELGHABK,ALLBROOK,86104
XFB,ELGHBRM,EASTLEIGH ARLINGTON (ZG),86092
XEX,ELGHDCS,EASTLEIGH D.C.S.,86085
XEH,ELGHTMD,EASTLEIGH TRSMD,86093
ELG,ELGIN,ELGIN,2007
ELN,ELLAND,ELLAND,18453
ELE,ELMERSE,ELMERS END,88321
ESW,ELMSWEL,ELMSWELL,46404
ESD,ELMW,ELMSTEAD WOODS,88468
EPH,ELPHNAC,ELEPHANT & CASTLE,87246
ELR,ELSC,ELSECAR,25308
ESM,ELSENHM,ELSENHAM,47335
ELP,ELSMPRT,ELLESMERE PORT,38317
ELW,ELTHAM,ELTHAM,88418
ELO,ELTON,ELTON & ORSTON,44514
ELS,ELTR,ELSTREE & BOREHAMWOOD,63212
EWD,ELWD,EARLSWOOD (WEST MIDLANDS),66447
ELY,ELYY,ELY,46273
XYE,ELYYNJN,ELY NORTH JN,46272
EML,EMALING,EAST MALLING,89411
ZEK,EMBKMNT,EMBANKMENT LT,72353
EMD,EMPKWAY,EAST MIDLANDS PARKWAY,56650
EMP,EMRSPKH,EMERSON PARK,50391
EMS,EMSWTH,EMSWORTH,86343
ENC,ENFC,ENFIELD CHASE,53301
ENL,ENFLDLK,ENFIELD LOCK,51913
ENF,ENFLDTN,ENFIELD TOWN,51946
ENT,ENTWISL,ENTWISTLE,29175
ZEL,EPHT,ELEPHANT & CASTLE (LT),72359
EPD,EPSDNS,EPSOM DOWNS,87692
EPS,EPSM,EPSOM,87681
XFK,EPSMUS,EPSOM - UP SIDINGS,87682
ZPU,EPUTNEY,EAST PUTNEY,87243
ERD,ERDNGTN,ERDINGTON,65606
ECP,ERGNCHP,ENERGLYN & CHURCHILL PARK,78370
ERI,ERIDGE,ERIDGE,87764
ERH,ERITH,ERITH,88604
EAD,ERLFLD,EARLSFIELD,87250
ERL,ERLSTWN,EARLESTOWN,35325
EAR,ERLY,EARLEY,87002
ESH,ESHER,ESHER,86002
EST,ESHS,EASTERHOUSE,6712
XES,ESJLEDS,ENGINE SHED JN.,17149
EKB,ESKBANK,ESKBANK,4709
EXR,ESSEXRD,ESSEX ROAD,54295
ESS,ESSNHBF,ESSEN HBF,20
MTC,ESTFLDS,MITCHAM EASTFIELDS,87659
ERA,ESTHRAK,EASTHAM RAKE,38220
EGN,ESTRNGT,EASTRINGTON,19218
ETC,ETCHNGM,ETCHINGHAM,89394
ETL,ETILBRY,EAST TILBURY,51130
EUS,EUSTON,LONDON EUSTON,72410
XEN,EUSTRES,EUSTON R.E.S.,72402
XEU,EUSTUCS,EUSTON UP CARRIAGE SHED,72406
EBA,EUXT,EUXTON BALSHAW LANE,30163
XOU,EUXTONJ,EUXTON JN,30164
EVE,EVESHAM,EVESHAM,67351
EWE,EWELLE,EWELL EAST,87679
EWW,EWELW,EWELL WEST,87304
EWR,EWRTHNG,EAST WORTHING,87993
EXC,EXETERC,EXETER CENTRAL,83431